id;name;published;creator;creation_date;update_date
1;Table Fish;true;cyan Forward forecast;2020-10-17T17:25:15;2020-10-16T19:30:31
2;Developer radical Configuration;true;Concrete Mouse;2020-10-17T06:46:03;2020-10-17T05:03:00
3;Sudan Mall toolset;false;synthesizing Developer;2020-10-17T10:04:27;2020-10-16T19:33:14
4;software Bedfordshire driver;false;Alaska Soft FTP;2020-10-17T03:47:46;2020-10-17T05:28:06
5;markets;false;Mouse programming cross-platform;2020-10-16T19:35:07;2020-10-17T00:19:39
6;Berkshire Jordanian application;true;payment Shoes;2020-10-16T23:00:23;2020-10-17T09:40:34
7;Ergonomic Territory;false;Health Tools CSS;2020-10-17T00:43:25;2020-10-17T10:22:25
8;Escudo;false;Producer Sweden;2020-10-17T04:07:19;2020-10-16T21:18:13
9;programming;true;Industrial;2020-10-17T00:03:10;2020-10-17T15:47:51
10;next-generation;true;channels;2020-10-17T06:32:41;2020-10-17T13:19:28
