id;name;starred;tags;ingredients;steps;comment
1;Shoes Health Handcrafted Rubber Pants;false;Niue;Rand Loti Home Loan Account invoice;Orchestrator Shoes Books;Wooden Malta
2;Berkshire Salad Cambridgeshire;true;Legacy hybrid;Pound Sterling;Handmade protocol Generic;synthesizing client-driven reboot
3;neural;true;rich;Street Money Market Account Bedfordshire;EXE Practical;quantify logistical
4;Towels Grocery regional;false;Granite New Hampshire;withdrawal lavender hard drive;Alabama;multi-byte COM magenta
5;back up Sleek Granite Chair;false;Division Planner JBOD;Indonesia Fresh;Baby Human;Lane National
6;SMS Solutions payment;true;Baby withdrawal Saint Vincent and the Grenadines;Practical Cotton Sausages;alarm Customer Central;Shoes
7;Borders Frozen;true;index framework;Money Market Account Balanced Bike;Latvia Home port;Cambridgeshire
8;Awesome Wooden Keyboard Personal Loan Account Marketing;true;wireless;Mississippi;Officer Bahamian Dollar Internal;solid state Bacon monitor
9;deposit Rhode Island;false;program Georgia Central;object-oriented Plastic;input;aggregate Customer District
10;indexing cutting-edge;false;Louisiana;turquoise aggregate 1080p;Sleek Frozen Keyboard Shirt;deposit
